"Variable / Field Name","Form Name","Section Header","Field Type","Field Label","Choices, Calculations, OR Slider Labels","Field Note","Text Validation Type OR Show Slider Number","Text Validation Min","Text Validation Max",Identifier?,"Branching Logic (Show field only if...)","Required Field?","Custom Alignment","Question Number (surveys only)","Matrix Group Name","Matrix Ranking?","Field Annotation"
retention_contact_1_date_time,retention_contacts,"
<SPAN style=""color:Red;font-size:20px"">CONTACT #1</SPAN>

<SPAN style=""color:Red;font-size:20px"">PARTICIPANT NAME: [last_name], [first_name]</SPAN>

<SPAN style=""color:Red;font-size:20px"">DATE OF BIRTH: [dob]</SPAN><HR style=""background-color:LightGray;height:1px""><SPAN style=""font-weight:normal;color:Red"">PREFERRED METHOD(S) OF CONTACT: [preferred_methods_of_contact]</SPAN>

<SPAN style=""font-weight:normal;color:Red"">PHONE NUMBER: [phone_number]</SPAN>

<SPAN style=""font-weight:normal;color:Red"">NEW/CORRECTED PHONE NUMBER: [new_phone_number]</SPAN>

<SPAN style=""font-weight:normal;color:Red"">EMAIL ADDRESS: <A href=""mailto:[first_name]%20[last_name]%20%3c[email_address]%3e"" style=""color:DeepSkyBlue"">[email_address]</A></SPAN>

<SPAN style=""font-weight:normal;color:Red"">NEW/CORRECTED EMAIL ADDRESS: <A href=""mailto:[first_name]%20[last_name]%20%3c[new_email_address]%3e"" style=""color:DeepSkyBlue"">[new_email_address]</A></SPAN>

<SPAN style=""font-weight:normal;color:Red"">PREFERRED LANGUAGE: [preferred_language]</SPAN>

<SPAN style=""font-weight:normal;color:Red"">UPDATED LANGUAGE PREFERENCE: [new_preferred_language]</SPAN><HR style=""background-color:LightGray;height:1px""><SPAN style=""font-weight:normal;color:Red"">STUDY COMPLETED ON: [gift_card_participant_signature_date]</SPAN>

<SPAN style=""font-weight:normal;color:Red"">UPCOMING CLINIC APPOINTMENT: [appointment_clinic], [appointment_date] [appointment_time]</SPAN><HR style=""background-color:LightGray;height:1px""><SPAN style=""font-weight:bold;color:Red"">Email Instructions in English to <A href=""https://capmc.ics.uci.edu/email/retention_instruction.aspx?p1=[first_name]&p2=[last_name]&p3=[email_address]&p4=en"" target=""_blank"" style=""color:DeepSkyBlue"">[email_address]</A>, or to <A href=""https://capmc.ics.uci.edu/email/retention_instruction.aspx?p1=[first_name]&p2=[last_name]&p3=[new_email_address]&p4=en&p5=[sex]"" target=""_blank"" style=""color:DeepSkyBlue"">[new_email_address]</A></SPAN><SPAN style=""font-weight:normal;color:Red""> (if new email is available)</SPAN>

<SPAN style=""font-weight:bold;color:Red"">Email Instructions in Spanish to <A href=""https://capmc.ics.uci.edu/email/retention_instruction.aspx?p1=[first_name]&p2=[last_name]&p3=[email_address]&p4=es"" target=""_blank"" style=""color:DeepSkyBlue"">[email_address]</A>, or to <A href=""https://capmc.ics.uci.edu/email/retention_instruction.aspx?p1=[first_name]&p2=[last_name]&p3=[new_email_address]&p4=es&p5=[sex]"" target=""_blank"" style=""color:DeepSkyBlue"">[new_email_address]</A></SPAN><SPAN style=""font-weight:normal;color:Red""> (if new email is available)</SPAN>

",text,"Retention contact #1 date and time",,,datetime_mdy,,,,,,LV,,,,
retention_contact_1_crc,retention_contacts,,radio,"Who made retention contact #1?","Aimee, Aimee Nguyen | Antonio, Antonio Salgado | Ashley, Ashley Athanas | Emily, Emily Hur | Eric, Eric Gonzalez | Erin, Erin Saltmarsh | Irena, Irena Chuchev | Joel, Joel Flores | Justin3, Justin Choi | Justin2, Justin Lopez | Linda, Linda Wright | Maribel, Maribel Perez | Nicolas, Nicolas Gonzalez",,,,,,,,LV,,,,
retention_contact_1_outcomes,retention_contacts,,radio,"Retention contact #1 outcomes","called_spoke_with_participant, Called, spoke with the prospective participant | called_spoke_with_someone_else, Called, spoke with someone else | called_left_voicemail, Called, no answer, left voicemail | called_no_voicemail_or_full, Called, no answer, and no voicemail or voicemail full | called_wrong_number, Called, wrong # (if available, specify alternative phone # in ""new or corrected phone number"" on Form 3) | email_sent_success, Retention instruction email sent | email_rejected, Email rejected (if available, specify alternative email address in ""new or corrected email address"" on Form 3) | no_phone_or_email, Neither phone # nor email address is available | other, Other (specify in notes below)",,,,,,,,LV,,,,
retention_contact_1_request,retention_contacts,,radio,"Retention contact #2 request (if applicable)","text_later, To be contacted later by text | call_back_later, Busy, but interested and wished to be called back later | need_password_reset_email, To have a password reset email sent and will complete the surveys later on their own | update_email, To update their email | other, Other (specify in notes below)",,,,,,,,LV,,,,
retention_contact_1_decision,retention_contacts,,radio,"Retention contact #1 decision","agreed_to_do_on_own, Agreed to complete followup surveys on their own | agreed_to_schedule_appointment, Agreed to schedule an appointment to complete followup surveys | declined, Declined to do | other, Other (specify in notes below)",,,,,,"[retention_contact_1_outcomes] = 'called_spoke_with_participant' OR [retention_contact_1_outcomes] = 'called_spoke_with_someone_else'",,LV,,,,
retention_contact_1_notes,retention_contacts,,notes,"Retention contact #1 notes",,,,,,,,,LV,,,,
retention_contact_2,retention_contacts,,checkbox,"Add retention contact #2?","yes, Yes",,,,,,"[retention_contact_1_date_time] <> ''",,LV,,,,
retention_contact_2_date_time,retention_contacts,"
<SPAN style=""color:Red;font-size:20px"">CONTACT #2</SPAN>

<SPAN style=""color:Red;font-size:20px"">PARTICIPANT NAME: [last_name], [first_name]</SPAN>

<SPAN style=""color:Red;font-size:20px"">DATE OF BIRTH: [dob]</SPAN><HR style=""background-color:LightGray;height:1px""><SPAN style=""font-weight:normal;color:Red"">PREFERRED METHOD(S) OF CONTACT: [preferred_methods_of_contact]</SPAN>

<SPAN style=""font-weight:normal;color:Red"">PHONE NUMBER: [phone_number]</SPAN>

<SPAN style=""font-weight:normal;color:Red"">NEW/CORRECTED PHONE NUMBER: [new_phone_number]</SPAN>

<SPAN style=""font-weight:normal;color:Red"">EMAIL ADDRESS: <A href=""mailto:[first_name]%20[last_name]%20%3c[email_address]%3e"" style=""color:DeepSkyBlue"">[email_address]</A></SPAN>

<SPAN style=""font-weight:normal;color:Red"">NEW/CORRECTED EMAIL ADDRESS: <A href=""mailto:[first_name]%20[last_name]%20%3c[new_email_address]%3e"" style=""color:DeepSkyBlue"">[new_email_address]</A></SPAN>

<SPAN style=""font-weight:normal;color:Red"">PREFERRED LANGUAGE: [preferred_language]</SPAN>

<SPAN style=""font-weight:normal;color:Red"">UPDATED LANGUAGE PREFERENCE: [new_preferred_language]</SPAN><HR style=""background-color:LightGray;height:1px""><SPAN style=""font-weight:normal;color:Red"">STUDY COMPLETED ON: [gift_card_participant_signature_date]</SPAN>

<SPAN style=""font-weight:normal;color:Red"">UPCOMING CLINIC APPOINTMENT: [appointment_clinic], [appointment_date] [appointment_time]</SPAN><HR style=""background-color:LightGray;height:1px""><SPAN style=""font-weight:bold;color:Red"">Email Instructions in English to <A href=""https://capmc.ics.uci.edu/email/retention_instruction.aspx?p1=[first_name]&p2=[last_name]&p3=[email_address]&p4=en"" target=""_blank"" style=""color:DeepSkyBlue"">[email_address]</A>, or to <A href=""https://capmc.ics.uci.edu/email/retention_instruction.aspx?p1=[first_name]&p2=[last_name]&p3=[new_email_address]&p4=en&p5=[sex]"" target=""_blank"" style=""color:DeepSkyBlue"">[new_email_address]</A></SPAN><SPAN style=""font-weight:normal;color:Red""> (if new email is available)</SPAN>

<SPAN style=""font-weight:bold;color:Red"">Email Instructions in Spanish to <A href=""https://capmc.ics.uci.edu/email/retention_instruction.aspx?p1=[first_name]&p2=[last_name]&p3=[email_address]&p4=es"" target=""_blank"" style=""color:DeepSkyBlue"">[email_address]</A>, or to <A href=""https://capmc.ics.uci.edu/email/retention_instruction.aspx?p1=[first_name]&p2=[last_name]&p3=[new_email_address]&p4=es&p5=[sex]"" target=""_blank"" style=""color:DeepSkyBlue"">[new_email_address]</A></SPAN><SPAN style=""font-weight:normal;color:Red""> (if new email is available)</SPAN>

",text,"Retention contact #2 date and time",,,datetime_mdy,,,,"[retention_contact_2(yes)] = 1",,LV,,,,
retention_contact_2_crc,retention_contacts,,radio,"Who made retention contact #2?","Aimee, Aimee Nguyen | Antonio, Antonio Salgado | Ashley, Ashley Athanas | Emily, Emily Hur | Eric, Eric Gonzalez | Erin, Erin Saltmarsh | Irena, Irena Chuchev | Joel, Joel Flores | Justin3, Justin Choi | Justin2, Justin Lopez | Linda, Linda Wright | Maribel, Maribel Perez | Nicolas, Nicolas Gonzalez",,,,,,"[retention_contact_2(yes)] = 1",,LV,,,,
retention_contact_2_outcomes,retention_contacts,,radio,"Retention contact #2 outcomes","called_spoke_with_participant, Called, spoke with the prospective participant | called_spoke_with_someone_else, Called, spoke with someone else | called_left_voicemail, Called, no answer, left voicemail | called_no_voicemail_or_full, Called, no answer, and no voicemail or voicemail full | called_wrong_number, Called, wrong # (if available, specify alternative phone # in ""new or corrected phone number"" on Form 3) | email_sent_success, Retention instruction email sent | email_rejected, Email rejected (if available, specify alternative email address in ""new or corrected email address"" on Form 3) | no_phone_or_email, Neither phone # nor email address is available | other, Other (specify in notes below)",,,,,,"[retention_contact_2(yes)] = 1",,LV,,,,
retention_contact_2_request,retention_contacts,,radio,"Retention contact #2 request (if applicable)","text_later, To be contacted later by text | call_back_later, Busy, but interested and wished to be called back later | need_password_reset_email, To have a password reset email sent and will complete the surveys later on their own | update_email, To update their email | other, Other (specify in notes below)",,,,,,"[retention_contact_2(yes)] = 1 AND ([retention_contact_2_outcomes] = 'called_spoke_with_participant' OR [retention_contact_2_outcomes] = 'called_spoke_with_someone_else')",,LV,,,,
retention_contact_2_decision,retention_contacts,,radio,"Retention contact #2 decision","agreed_to_do_on_own, Agreed to complete followup surveys on their own | agreed_to_schedule_appointment, Agreed to schedule an appointment to complete followup surveys | declined, Declined to do | other, Other (specify in notes below)",,,,,,"[retention_contact_2(yes)] = 1 AND ([retention_contact_2_outcomes] = 'called_spoke_with_participant' OR [retention_contact_2_outcomes] = 'called_spoke_with_someone_else')",,LV,,,,
retention_contact_2_notes,retention_contacts,,notes,"Retention contact #2 notes",,,,,,,"[retention_contact_2(yes)] = 1",,LV,,,,
retention_contact_3,retention_contacts,,checkbox,"Add retention contact #3?","yes, Yes",,,,,,"[retention_contact_2_date_time] <> ''",,LV,,,,
retention_contact_3_date_time,retention_contacts,"
<SPAN style=""color:Red;font-size:20px"">CONTACT #3</SPAN>

<SPAN style=""color:Red;font-size:20px"">PARTICIPANT NAME: [last_name], [first_name]</SPAN>

<SPAN style=""color:Red;font-size:20px"">DATE OF BIRTH: [dob]</SPAN><HR style=""background-color:LightGray;height:1px""><SPAN style=""font-weight:normal;color:Red"">PREFERRED METHOD(S) OF CONTACT: [preferred_methods_of_contact]</SPAN>

<SPAN style=""font-weight:normal;color:Red"">PHONE NUMBER: [phone_number]</SPAN>

<SPAN style=""font-weight:normal;color:Red"">NEW/CORRECTED PHONE NUMBER: [new_phone_number]</SPAN>

<SPAN style=""font-weight:normal;color:Red"">EMAIL ADDRESS: <A href=""mailto:[first_name]%20[last_name]%20%3c[email_address]%3e"" style=""color:DeepSkyBlue"">[email_address]</A></SPAN>

<SPAN style=""font-weight:normal;color:Red"">NEW/CORRECTED EMAIL ADDRESS: <A href=""mailto:[first_name]%20[last_name]%20%3c[new_email_address]%3e"" style=""color:DeepSkyBlue"">[new_email_address]</A></SPAN>

<SPAN style=""font-weight:normal;color:Red"">PREFERRED LANGUAGE: [preferred_language]</SPAN>

<SPAN style=""font-weight:normal;color:Red"">UPDATED LANGUAGE PREFERENCE: [new_preferred_language]</SPAN><HR style=""background-color:LightGray;height:1px""><SPAN style=""font-weight:normal;color:Red"">STUDY COMPLETED ON: [gift_card_participant_signature_date]</SPAN>

<SPAN style=""font-weight:normal;color:Red"">UPCOMING CLINIC APPOINTMENT: [appointment_clinic], [appointment_date] [appointment_time]</SPAN><HR style=""background-color:LightGray;height:1px""><SPAN style=""font-weight:bold;color:Red"">Email Instructions in English to <A href=""https://capmc.ics.uci.edu/email/retention_instruction.aspx?p1=[first_name]&p2=[last_name]&p3=[email_address]&p4=en"" target=""_blank"" style=""color:DeepSkyBlue"">[email_address]</A>, or to <A href=""https://capmc.ics.uci.edu/email/retention_instruction.aspx?p1=[first_name]&p2=[last_name]&p3=[new_email_address]&p4=en&p5=[sex]"" target=""_blank"" style=""color:DeepSkyBlue"">[new_email_address]</A></SPAN><SPAN style=""font-weight:normal;color:Red""> (if new email is available)</SPAN>

<SPAN style=""font-weight:bold;color:Red"">Email Instructions in Spanish to <A href=""https://capmc.ics.uci.edu/email/retention_instruction.aspx?p1=[first_name]&p2=[last_name]&p3=[email_address]&p4=es"" target=""_blank"" style=""color:DeepSkyBlue"">[email_address]</A>, or to <A href=""https://capmc.ics.uci.edu/email/retention_instruction.aspx?p1=[first_name]&p2=[last_name]&p3=[new_email_address]&p4=es&p5=[sex]"" target=""_blank"" style=""color:DeepSkyBlue"">[new_email_address]</A></SPAN><SPAN style=""font-weight:normal;color:Red""> (if new email is available)</SPAN>

",text,"Retention contact #3 date and time",,,datetime_mdy,,,,"[retention_contact_3(yes)] = 1",,LV,,,,
retention_contact_3_crc,retention_contacts,,radio,"Who made retention contact #3?","Aimee, Aimee Nguyen | Antonio, Antonio Salgado | Ashley, Ashley Athanas | Emily, Emily Hur | Eric, Eric Gonzalez | Erin, Erin Saltmarsh | Irena, Irena Chuchev | Joel, Joel Flores | Justin3, Justin Choi | Justin2, Justin Lopez | Linda, Linda Wright | Maribel, Maribel Perez | Nicolas, Nicolas Gonzalez",,,,,,"[retention_contact_3(yes)] = 1",,LV,,,,
retention_contact_3_outcomes,retention_contacts,,radio,"Retention contact #3 outcomes","called_spoke_with_participant, Called, spoke with the prospective participant | called_spoke_with_someone_else, Called, spoke with someone else | called_left_voicemail, Called, no answer, left voicemail | called_no_voicemail_or_full, Called, no answer, and no voicemail or voicemail full | called_wrong_number, Called, wrong # (if available, specify alternative phone # in ""new or corrected phone number"" on Form 3) | email_sent_success, Retention instruction email sent | email_rejected, Email rejected (if available, specify alternative email address in ""new or corrected email address"" on Form 3) | no_phone_or_email, Neither phone # nor email address is available | other, Other (specify in notes below)",,,,,,"[retention_contact_3(yes)] = 1",,LV,,,,
retention_contact_3_request,retention_contacts,,radio,"Retention contact #3 request (if applicable)","text_later, To be contacted later by text | call_back_later, Busy, but interested and wished to be called back later | need_password_reset_email, To have a password reset email sent and will complete the surveys later on their own | update_email, To update their email | other, Other (specify in notes below)",,,,,,"[retention_contact_3(yes)] = 1",,LV,,,,
retention_contact_3_decision,retention_contacts,,radio,"Retention contact #3 decision","agreed_to_do_on_own, Agreed to complete followup surveys on their own | agreed_to_schedule_appointment, Agreed to schedule an appointment to complete followup surveys | declined, Declined to do | other, Other (specify in notes below)",,,,,,"[retention_contact_3(yes)] = 1 AND ([retention_contact_3_outcomes] = 'called_spoke_with_participant' OR [retention_contact_3_outcomes] = 'called_spoke_with_someone_else')",,LV,,,,
retention_contact_3_notes,retention_contacts,,notes,"Retention contact #3 notes",,,,,,,"[retention_contact_3(yes)] = 1",,LV,,,,
retention_contact_4,retention_contacts,,checkbox,"Add retention contact #4?","yes, Yes",,,,,,"[retention_contact_3_date_time] <> ''",,LV,,,,
retention_contact_4_date_time,retention_contacts,"
<SPAN style=""color:Red;font-size:20px"">CONTACT #4</SPAN>

<SPAN style=""color:Red;font-size:20px"">PARTICIPANT NAME: [last_name], [first_name]</SPAN>

<SPAN style=""color:Red;font-size:20px"">DATE OF BIRTH: [dob]</SPAN><HR style=""background-color:LightGray;height:1px""><SPAN style=""font-weight:normal;color:Red"">PREFERRED METHOD(S) OF CONTACT: [preferred_methods_of_contact]</SPAN>

<SPAN style=""font-weight:normal;color:Red"">PHONE NUMBER: [phone_number]</SPAN>

<SPAN style=""font-weight:normal;color:Red"">NEW/CORRECTED PHONE NUMBER: [new_phone_number]</SPAN>

<SPAN style=""font-weight:normal;color:Red"">EMAIL ADDRESS: <A href=""mailto:[first_name]%20[last_name]%20%3c[email_address]%3e"" style=""color:DeepSkyBlue"">[email_address]</A></SPAN>

<SPAN style=""font-weight:normal;color:Red"">NEW/CORRECTED EMAIL ADDRESS: <A href=""mailto:[first_name]%20[last_name]%20%3c[new_email_address]%3e"" style=""color:DeepSkyBlue"">[new_email_address]</A></SPAN>

<SPAN style=""font-weight:normal;color:Red"">PREFERRED LANGUAGE: [preferred_language]</SPAN>

<SPAN style=""font-weight:normal;color:Red"">UPDATED LANGUAGE PREFERENCE: [new_preferred_language]</SPAN><HR style=""background-color:LightGray;height:1px""><SPAN style=""font-weight:normal;color:Red"">STUDY COMPLETED ON: [gift_card_participant_signature_date]</SPAN>

<SPAN style=""font-weight:normal;color:Red"">UPCOMING CLINIC APPOINTMENT: [appointment_clinic], [appointment_date] [appointment_time]</SPAN><HR style=""background-color:LightGray;height:1px""><SPAN style=""font-weight:bold;color:Red"">Email Instructions in English to <A href=""https://capmc.ics.uci.edu/email/retention_instruction.aspx?p1=[first_name]&p2=[last_name]&p3=[email_address]&p4=en"" target=""_blank"" style=""color:DeepSkyBlue"">[email_address]</A>, or to <A href=""https://capmc.ics.uci.edu/email/retention_instruction.aspx?p1=[first_name]&p2=[last_name]&p3=[new_email_address]&p4=en&p5=[sex]"" target=""_blank"" style=""color:DeepSkyBlue"">[new_email_address]</A></SPAN><SPAN style=""font-weight:normal;color:Red""> (if new email is available)</SPAN>

<SPAN style=""font-weight:bold;color:Red"">Email Instructions in Spanish to <A href=""https://capmc.ics.uci.edu/email/retention_instruction.aspx?p1=[first_name]&p2=[last_name]&p3=[email_address]&p4=es"" target=""_blank"" style=""color:DeepSkyBlue"">[email_address]</A>, or to <A href=""https://capmc.ics.uci.edu/email/retention_instruction.aspx?p1=[first_name]&p2=[last_name]&p3=[new_email_address]&p4=es&p5=[sex]"" target=""_blank"" style=""color:DeepSkyBlue"">[new_email_address]</A></SPAN><SPAN style=""font-weight:normal;color:Red""> (if new email is available)</SPAN>

",text,"Retention contact #4 date and time",,,datetime_mdy,,,,"[retention_contact_4(yes)] = 1",,LV,,,,
retention_contact_4_crc,retention_contacts,,radio,"Who made retention contact #4?","Aimee, Aimee Nguyen | Antonio, Antonio Salgado | Ashley, Ashley Athanas | Emily, Emily Hur | Eric, Eric Gonzalez | Erin, Erin Saltmarsh | Irena, Irena Chuchev | Joel, Joel Flores | Justin3, Justin Choi | Justin2, Justin Lopez | Linda, Linda Wright | Maribel, Maribel Perez | Nicolas, Nicolas Gonzalez",,,,,,"[retention_contact_4(yes)] = 1",,LV,,,,
retention_contact_4_outcomes,retention_contacts,,radio,"Retention contact #4 outcomes","called_spoke_with_participant, Called, spoke with the prospective participant | called_spoke_with_someone_else, Called, spoke with someone else | called_left_voicemail, Called, no answer, left voicemail | called_no_voicemail_or_full, Called, no answer, and no voicemail or voicemail full | called_wrong_number, Called, wrong # (if available, specify alternative phone # in ""new or corrected phone number"" on Form 3) | email_sent_success, Retention instruction email sent | email_rejected, Email rejected (if available, specify alternative email address in ""new or corrected email address"" on Form 3) | no_phone_or_email, Neither phone # nor email address is available | other, Other (specify in notes below)",,,,,,"[retention_contact_4(yes)] = 1 AND ([retention_contact_4_outcomes] = 'called_spoke_with_participant' OR [retention_contact_4_outcomes] = 'called_spoke_with_someone_else')",,LV,,,,
retention_contact_4_request,retention_contacts,,radio,"Retention contact #4 request (if applicable)","text_later, To be contacted later by text | call_back_later, Busy, but interested and wished to be called back later | need_password_reset_email, To have a password reset email sent and will complete the surveys later on their own | update_email, To update their email | other, Other (specify in notes below)",,,,,,"[retention_contact_4(yes)] = 1 AND ([retention_contact_4_outcomes] = 'called_spoke_with_participant' OR [retention_contact_4_outcomes] = 'called_spoke_with_someone_else')",,LV,,,,
retention_contact_4_decision,retention_contacts,,radio,"Retention contact #4 decision","agreed_to_do_on_own, Agreed to complete followup surveys on their own | agreed_to_schedule_appointment, Agreed to schedule an appointment to complete followup surveys | declined, Declined to do | other, Other (specify in notes below)",,,,,,"[retention_contact_4(yes)] = 1",,LV,,,,
retention_contact_4_notes,retention_contacts,,notes,"Retention contact #4 notes",,,,,,,"[retention_contact_4(yes)] = 1",,LV,,,,
